{
  "CallerReference": "cli-1719443880-262435",
  "Aliases": {
      "Quantity": 0
  },
  "DefaultRootObject": "index.html",
  "Origins": {
      "Quantity": 1,
      "Items": [
          {
              "Id": "slomitas-my-video-storage.s3.amazonaws.com-1719443880-915322",
              "DomainName": "slomitas-my-video-storage.s3.amazonaws.com",
              "OriginPath": "",
              "CustomHeaders": {
                  "Quantity": 0
              },
              "S3OriginConfig": {
                  "OriginAccessIdentity": "origin-access-identity/cloudfront/E106KVZIMZV0IL"
              },
              "ConnectionAttempts": 3,
              "ConnectionTimeout": 10,
              "OriginShield": {
                  "Enabled": false
              },
              "OriginAccessControlId": ""
          }
      ]
  },
  "OriginGroups": {
      "Quantity": 0
  },
  "DefaultCacheBehavior": {
      "TargetOriginId": "slomitas-my-video-storage.s3.amazonaws.com-1719443880-915322",
      "TrustedSigners": {
          "Enabled": false,
          "Quantity": 0
      },
      "TrustedKeyGroups": {
          "Enabled": false,
          "Quantity": 0
      },
      "ViewerProtocolPolicy": "allow-all",
      "AllowedMethods": {
          "Quantity": 2,
          "Items": [
              "HEAD",
              "GET"
          ],
          "CachedMethods": {
              "Quantity": 2,
              "Items": [
                  "HEAD",
                  "GET"
              ]
          }
      },
      "SmoothStreaming": false,
      "Compress": false,
      "LambdaFunctionAssociations": {
          "Quantity": 0
      },
      "FunctionAssociations": {
          "Quantity": 0
      },
      "FieldLevelEncryptionId": "",
      "ForwardedValues": {
          "QueryString": false,
          "Cookies": {
              "Forward": "none"
          },
          "Headers": {
              "Quantity": 0
          },
          "QueryStringCacheKeys": {
              "Quantity": 0
          }
      },
      "MinTTL": 0,
      "DefaultTTL": 86400,
      "MaxTTL": 31536000
  },
  "CacheBehaviors": {
      "Quantity": 0
  },
  "CustomErrorResponses": {
      "Quantity": 0
  },
  "Comment": "",
  "Logging": {
      "Enabled": false,
      "IncludeCookies": false,
      "Bucket": "",
      "Prefix": ""
  },
  "PriceClass": "PriceClass_All",
  "Enabled": true,
  "ViewerCertificate": {
      "CloudFrontDefaultCertificate": true,
      "SSLSupportMethod": "vip",
      "MinimumProtocolVersion": "TLSv1",
      "CertificateSource": "cloudfront"
  },
  "Restrictions": {
      "GeoRestriction": {
          "RestrictionType": "none",
          "Quantity": 0
      }
  },
  "WebACLId": "",
  "HttpVersion": "http2",
  "IsIPV6Enabled": true,
  "ContinuousDeploymentPolicyId": "",
  "Staging": false
}
